{"name":"Dokumente Starter","treeData":{"startNode":"node_585cb268-ae24-4762-8c1a-b078e4ce2e5e","nodes":{"node_585cb268-ae24-4762-8c1a-b078e4ce2e5e":{"id":"node_585cb268-ae24-4762-8c1a-b078e4ce2e5e","position":{"x":0,"y":140},"type":"form","name":"Abfrage","final":false,"edges":[],"fallbackEdge":"edge_cad3962f-e64b-4808-9662-5b5f1a0930dd","inputs":["input_036d299c-eef6-4ded-9057-f08ee5075655","input_b1284d0d-9a96-4efb-9871-dcd23fff23bc","input_4ac1a873-d6f6-4dbd-a886-fff3a82fe751"],"version":4,"pluginVersion":2,"yContent":"<paragraph>Der rechtliches-Dokument-Generator generiert Ihnen ein rechtliches Dokument.</paragraph><paragraph>Bitte geben Sie die folgenden Daten ein.</paragraph><paragraph><italic>Der Name ist optional. Bitte keine gültige IBAN eingeben. Die Daten werden auf den Servern von Mioto nicht gespeichert.</italic></paragraph>"},"node_5f63a258-15fa-4499-b90e-f22464287b2d":{"id":"node_5f63a258-15fa-4499-b90e-f22464287b2d","position":{"x":0,"y":1220},"type":"documentv2","name":"Dokument","final":false,"edges":[],"documentName":"Rechtliches Dokument","version":4,"pluginVersion":1,"fallbackEdge":"edge_42e61458-435f-485a-be4b-04d879c5e1fe"},"node_ec7ec0c1-6e3f-44ee-8ded-1a55f508975d":{"id":"node_ec7ec0c1-6e3f-44ee-8ded-1a55f508975d","position":{"x":0,"y":320},"type":"form","name":"Ueberpruefung","final":false,"edges":[],"inputs":["input_a6da1095-e78f-42cf-a7a9-a15de8523e57"],"version":4,"pluginVersion":2,"yContent":"<paragraph>Soll auf die Datenschutzerklärung hingewiesen werden?</paragraph>","fallbackEdge":"edge_79eed55f-bef9-4712-95a5-2f51fc7f40d1"},"node_a3164865-69f9-413e-9da4-b7a349b8646c":{"id":"node_a3164865-69f9-413e-9da4-b7a349b8646c","position":{"x":0,"y":500},"type":"form","name":"Zahlen für Streitwert","final":false,"edges":[],"fallbackEdge":"edge_379e3313-0170-4615-a675-202140c01c32","inputs":["input_81c0c9c3-3073-429d-9479-e19cf7df8214","input_d795aa4f-f7a4-46ae-bc15-c31bdb57acf7"],"version":4,"pluginVersion":2,"yContent":"<paragraph>Daten für eine sehr vereinfachte Streitwertberechnung eingeben.</paragraph>"},"node_5db67c63-c9ca-4941-a56e-c6c0d9972c21":{"fallbackEdge":"edge_fcb5e9f6-c601-461f-8122-a4241a181edd","id":"node_5db67c63-c9ca-4941-a56e-c6c0d9972c21","position":{"x":0,"y":680},"type":"calculation","name":"Streitwert","final":false,"edges":[],"version":4,"pluginVersion":1,"yContent":"<paragraph><mention id=\"node_a3164865-69f9-413e-9da4-b7a349b8646c__input_81c0c9c3-3073-429d-9479-e19cf7df8214\"></mention> * <mention id=\"node_a3164865-69f9-413e-9da4-b7a349b8646c__input_d795aa4f-f7a4-46ae-bc15-c31bdb57acf7\"></mention> </paragraph>"},"node_31273b5b-dcec-472f-9ad0-ae09bc1e8206":{"id":"node_31273b5b-dcec-472f-9ad0-ae09bc1e8206","position":{"x":0,"y":860},"type":"form","name":"Erbrachte Leistungen","final":false,"edges":[],"inputs":["input_af464bac-f1f4-4890-b74a-d5fc366808f4","input_70792f00-af26-44f9-9cd6-e47467fc7484"],"version":4,"pluginVersion":2,"yContent":"<paragraph>Die folgenden Leistungen wurden erbracht:</paragraph>","fallbackEdge":"edge_78b0119c-f1cf-4c5d-b25c-8ea75ba70240"},"node_491ebae7-712e-4a6d-8ef4-4c717eb92da9":{"id":"node_491ebae7-712e-4a6d-8ef4-4c717eb92da9","position":{"x":0,"y":1040},"type":"form","name":"Sonstiges","final":false,"edges":[],"inputs":["input_ecdb3ef3-031e-4d75-b97d-0201ef8ad6ac"],"version":4,"pluginVersion":2,"yContent":"<paragraph>Sonstige Bestimmungen aufnehmen?</paragraph>","fallbackEdge":"edge_d2f5a30a-a41f-4cba-9ace-ea2ecb136082"},"node_6615353c-c62a-4215-ba16-9f418defcfa1":{"id":"node_6615353c-c62a-4215-ba16-9f418defcfa1","position":{"x":0,"y":1400},"type":"info","name":"Download","final":true,"edges":[],"version":4,"pluginVersion":2,"yContent":"<paragraph>Hier kannst du das Dokument downloaden: <mention id=\"node_5f63a258-15fa-4499-b90e-f22464287b2d\"></mention> </paragraph>"},"node_e470d907-fbc0-4adc-abae-9e4eb9e400c3":{"id":"node_e470d907-fbc0-4adc-abae-9e4eb9e400c3","position":{"x":640,"y":1080},"type":"reporting","name":"Block 9","final":false,"edges":[],"mailSubject":"Neuer Betreff","recipient":"test@test.com","attachements":[],"sendUserAnswers":false,"version":4,"pluginVersion":2,"yMailBody":"","isRemoved":true},"node_7ead1937-5d39-4027-a899-be87fc7edd07":{"id":"node_7ead1937-5d39-4027-a899-be87fc7edd07","position":{"x":340,"y":1220},"type":"reporting","name":"Block 9","final":false,"edges":[],"mailSubject":"Neuer Betreff","recipient":"test@test.com","attachements":[],"sendUserAnswers":false,"version":4,"pluginVersion":2,"yMailBody":"","isRemoved":true},"node_2a34b8b2-b912-4d1e-9236-f256fdc5284b":{"id":"node_2a34b8b2-b912-4d1e-9236-f256fdc5284b","position":{"x":360,"y":1220},"type":"reporting","name":"Block 9","final":false,"edges":[],"mailSubject":"Neuer Betreff","recipient":"test@test.com","attachements":["node_5f63a258-15fa-4499-b90e-f22464287b2d","node_5f63a258-15fa-4499-b90e-f22464287b2d"],"sendUserAnswers":false,"version":4,"pluginVersion":2,"yMailBody":"<paragraph></paragraph>","isRemoved":true},"node_604b3265-6012-424b-b0c9-35db46957032":{"id":"node_604b3265-6012-424b-b0c9-35db46957032","position":{"x":360,"y":1220},"type":"documentv2","name":"Block 9","final":false,"edges":[],"documentName":"Dokument","version":4,"pluginVersion":1,"isRemoved":true},"node_de58c6ac-d6dc-4901-95b7-4d1d21c1a326":{"id":"node_de58c6ac-d6dc-4901-95b7-4d1d21c1a326","position":{"x":620,"y":1220},"type":"reporting","name":"Block 9","final":false,"edges":[],"mailSubject":"Neuer Betreff","recipient":"test@test.com","attachements":["node_5f63a258-15fa-4499-b90e-f22464287b2d"],"sendUserAnswers":false,"version":4,"pluginVersion":2,"yMailBody":"","isRemoved":true},"node_e362de08-5ebf-42e6-af97-a8cdb33e7ec9":{"id":"node_e362de08-5ebf-42e6-af97-a8cdb33e7ec9","position":{"x":320,"y":680},"type":"placeholder","name":"Block 9","final":false,"edges":[],"version":4,"pluginVersion":1,"isRemoved":true},"node_905851fe-bc45-4ea8-a1d3-1abce365a873":{"id":"node_905851fe-bc45-4ea8-a1d3-1abce365a873","position":{"x":280,"y":680},"type":"placeholder","name":"Block 9","final":false,"edges":[],"version":4,"pluginVersion":1,"isRemoved":true}},"edges":{"edge_fcb5e9f6-c601-461f-8122-a4241a181edd":{"id":"edge_fcb5e9f6-c601-461f-8122-a4241a181edd","type":"direct","version":3,"pluginVersion":1,"source":"node_5db67c63-c9ca-4941-a56e-c6c0d9972c21","target":"node_31273b5b-dcec-472f-9ad0-ae09bc1e8206"},"edge_79eed55f-bef9-4712-95a5-2f51fc7f40d1":{"id":"edge_79eed55f-bef9-4712-95a5-2f51fc7f40d1","type":"direct","version":3,"pluginVersion":1,"source":"node_ec7ec0c1-6e3f-44ee-8ded-1a55f508975d","target":"node_a3164865-69f9-413e-9da4-b7a349b8646c"},"edge_379e3313-0170-4615-a675-202140c01c32":{"id":"edge_379e3313-0170-4615-a675-202140c01c32","type":"direct","version":3,"pluginVersion":1,"source":"node_a3164865-69f9-413e-9da4-b7a349b8646c","target":"node_5db67c63-c9ca-4941-a56e-c6c0d9972c21"},"edge_cad3962f-e64b-4808-9662-5b5f1a0930dd":{"id":"edge_cad3962f-e64b-4808-9662-5b5f1a0930dd","type":"direct","version":3,"pluginVersion":1,"source":"node_585cb268-ae24-4762-8c1a-b078e4ce2e5e","target":"node_ec7ec0c1-6e3f-44ee-8ded-1a55f508975d"},"edge_78b0119c-f1cf-4c5d-b25c-8ea75ba70240":{"id":"edge_78b0119c-f1cf-4c5d-b25c-8ea75ba70240","type":"direct","version":3,"pluginVersion":1,"source":"node_31273b5b-dcec-472f-9ad0-ae09bc1e8206","target":"node_491ebae7-712e-4a6d-8ef4-4c717eb92da9"},"edge_d2f5a30a-a41f-4cba-9ace-ea2ecb136082":{"id":"edge_d2f5a30a-a41f-4cba-9ace-ea2ecb136082","type":"direct","version":3,"pluginVersion":1,"source":"node_491ebae7-712e-4a6d-8ef4-4c717eb92da9","target":"node_5f63a258-15fa-4499-b90e-f22464287b2d"},"edge_42e61458-435f-485a-be4b-04d879c5e1fe":{"id":"edge_42e61458-435f-485a-be4b-04d879c5e1fe","type":"direct","version":3,"pluginVersion":1,"source":"node_5f63a258-15fa-4499-b90e-f22464287b2d","target":"node_6615353c-c62a-4215-ba16-9f418defcfa1"}},"pluginEntities":{"inputs":{"input_ecdb3ef3-031e-4d75-b97d-0201ef8ad6ac":{"id":"input_ecdb3ef3-031e-4d75-b97d-0201ef8ad6ac","type":"multi-select","answers":[{"id":"d5e5ed6b-5ee8-4d5f-866e-5dc91f23898d","value":"Kommunikation"},{"id":"4d940161-2ab1-4e68-9363-41e71e131dd6","value":"Non Disclosure"},{"id":"3a93c83b-336d-44b2-8d29-662a214a6e50","value":"Haftungsausschluss"}],"required":false,"label":"Bestimmungen"},"input_036d299c-eef6-4ded-9057-f08ee5075655":{"id":"input_036d299c-eef6-4ded-9057-f08ee5075655","type":"text","required":false,"label":"Vor- und Nachname"},"input_b1284d0d-9a96-4efb-9871-dcd23fff23bc":{"id":"input_b1284d0d-9a96-4efb-9871-dcd23fff23bc","type":"text","required":true,"label":"Wohnort"},"input_4ac1a873-d6f6-4dbd-a886-fff3a82fe751":{"id":"input_4ac1a873-d6f6-4dbd-a886-fff3a82fe751","type":"text","required":true,"label":"IBAN des Empfängers"},"input_a6da1095-e78f-42cf-a7a9-a15de8523e57":{"id":"input_a6da1095-e78f-42cf-a7a9-a15de8523e57","type":"select","answers":[{"id":"18339c91-0ee9-4e43-9fae-1e27df41231d","value":"Ja"},{"id":"cd13d97f-2abf-40e1-8cd0-733391c1d1b3","value":"Nein"}],"required":true,"label":"Datenschutzhinweis"},"input_81c0c9c3-3073-429d-9479-e19cf7df8214":{"id":"input_81c0c9c3-3073-429d-9479-e19cf7df8214","type":"number","required":true,"label":"Monatsmiete","min":0},"input_d795aa4f-f7a4-46ae-bc15-c31bdb57acf7":{"id":"input_d795aa4f-f7a4-46ae-bc15-c31bdb57acf7","type":"number","required":true,"label":"Mietdauer in Monaten","min":0},"input_af464bac-f1f4-4890-b74a-d5fc366808f4":{"id":"input_af464bac-f1f4-4890-b74a-d5fc366808f4","type":"multi-select","answers":[{"id":"2e65ef38-95fe-4fe3-86db-3e295accaed7","value":"Erstgespräch"},{"id":"a06981ec-d5a7-4869-aa80-c1cd11d154df","value":"Vertretung vor Gericht"},{"id":"6398f1e3-9b91-4f67-b03f-d9a1c1474a0e","value":"Mediation"},{"id":"b9edb986-8a62-4a05-af9d-33616bd31572","value":"Allgemeine Beratung"},{"id":"ea6ad40d-8faa-4047-a544-83fc5efab1bb","value":"Recherche"},{"id":"542148fb-5715-494d-badb-f0267799020a","value":"Gutachten"}],"required":false,"label":"Leistungen"},"input_70792f00-af26-44f9-9cd6-e47467fc7484":{"id":"input_70792f00-af26-44f9-9cd6-e47467fc7484","type":"text","required":false,"label":"Sonstige Leistung"}}}},"treeDocument":{"type":"Buffer","data":[5,6,201,195,240,210,13,0,40,1,4,116,114,101,101,9,115,116,97,114,116,78,111,100,101,1,119,41,110,111,100,101,95,53,56,53,99,98,50,54,56,45,97,101,50,52,45,52,55,54,50,45,56,99,49,97,45,98,48,55,56,101,52,99,101,50,101,53,101,39,1,4,116,114,101,101,5,110,111,100,101,115,1,33,0,201,195,240,210,13,1,41,110,111,100,101,95,53,56,53,99,98,50,54,56,45,97,101,50,52,45,52,55,54,50,45,56,99,49,97,45,98,48,55,56,101,52,99,101,50,101,53,101,1,39,1,4,116,114,101,101,5,101,100,103,101,115,1,39,1,4,116,114,101,101,14,112,108,117,103,105,110,69,110,116,105,116,105,101,115,1,39,0,201,195,240,210,13,4,6,105,110,112,117,116,115,1,99,204,168,199,221,11,0,161,236,138,131,168,7,38,19,168,204,168,199,221,11,18,1,119,20,82,101,99,104,116,108,105,99,104,101,115,32,68,111,107,117,109,101,110,116,71,236,138,131,168,7,224,3,3,9,112,97,114,97,103,114,97,112,104,7,0,204,168,199,221,11,20,6,1,0,204,168,199,221,11,21,9,132,204,168,199,221,11,30,4,68,101,114,32,129,204,168,199,221,11,34,8,132,204,168,199,221,11,42,11,114,101,99,104,116,108,105,99,104,101,115,129,204,168,199,221,11,53,1,132,204,168,199,221,11,54,44,45,68,111,107,117,109,101,110,116,45,71,101,110,101,114,97,116,111,114,32,103,101,110,101,114,105,101,114,116,32,73,104,110,101,110,32,101,105,110,32,114,101,99,104,129,204,168,199,221,11,98,1,132,204,168,199,221,11,99,17,116,108,105,99,104,101,115,32,68,111,107,117,109,101,110,116,46,193,204,168,199,221,11,20,236,138,131,168,7,224,3,1,196,236,138,131,168,7,231,3,236,138,131,168,7,232,3,24,103,101,98,101,110,32,83,105,101,32,100,105,101,32,102,111,108,103,101,110,100,101,110,32,132,236,138,131,168,7,246,3,1,46,199,236,138,131,168,7,224,3,236,138,131,168,7,225,2,3,9,112,97,114,97,103,114,97,112,104,7,0,204,168,199,221,11,143,1,6,1,0,204,168,199,221,11,144,1,1,132,204,168,199,221,11,145,1,35,68,101,114,32,78,97,109,101,32,105,115,116,32,111,112,116,105,111,110,97,108,46,32,66,105,116,116,101,32,107,101,105,110,101,32,129,204,168,199,221,11,180,1,21,132,204,168,199,221,11,201,1,9,103,195,188,108,116,105,103,101,32,129,204,168,199,221,11,209,1,1,132,204,168,199,221,11,210,1,3,73,66,65,129,204,168,199,221,11,213,1,1,132,204,168,199,221,11,214,1,2,78,32,129,204,168,199,221,11,216,1,1,132,204,168,199,221,11,217,1,8,101,105,110,103,101,98,101,110,129,204,168,199,221,11,225,1,1,198,204,168,199,221,11,145,1,204,168,199,221,11,146,1,6,105,116,97,108,105,99,2,123,125,134,204,168,199,221,11,226,1,6,105,116,97,108,105,99,4,110,117,108,108,196,204,168,199,221,11,226,1,204,168,199,221,11,228,1,19,46,32,68,105,101,32,68,97,116,101,110,32,119,101,114,100,101,110,32,193,204,168,199,221,11,247,1,204,168,199,221,11,228,1,6,196,204,168,199,221,11,253,1,204,168,199,221,11,228,1,43,97,117,102,32,100,101,110,32,83,101,114,118,101,114,110,32,118,111,110,32,77,105,111,116,111,32,110,105,99,104,116,32,103,101,115,112,101,105,99,104,101,114,116,193,204,168,199,221,11,168,2,204,168,199,221,11,228,1,2,196,204,168,199,221,11,170,2,204,168,199,221,11,228,1,1,46,196,236,138,131,168,7,254,4,236,138,131,168,7,208,6,9,32,101,105,110,103,101,98,101,110,161,236,138,131,168,7,132,1,18,161,236,138,131,168,7,170,5,18,129,236,138,131,168,7,142,6,48,161,236,138,131,168,7,201,5,10,129,204,168,199,221,11,136,3,79,161,204,168,199,221,11,146,3,9,161,236,138,131,168,7,204,5,44,161,236,138,131,168,7,207,5,26,161,236,138,131,168,7,210,5,17,161,204,168,199,221,11,216,2,16,161,204,168,199,221,11,150,4,1,161,204,168,199,221,11,176,4,1,161,204,168,199,221,11,210,4,1,161,204,168,199,221,11,211,4,1,161,204,168,199,221,11,209,4,17,161,204,168,199,221,11,193,4,61,161,204,168,199,221,11,198,2,21,168,204,168,199,221,11,184,5,1,119,20,69,114,98,114,97,99,104,116,101,32,76,101,105,115,116,117,110,103,101,110,132,204,168,199,221,11,225,3,34,68,105,101,32,102,111,108,103,101,110,100,101,110,32,76,101,105,115,116,117,110,103,101,110,32,119,117,114,100,101,110,32,101,114,129,204,168,199,221,11,219,5,1,132,204,168,199,221,11,220,5,6,98,114,97,99,104,116,129,204,168,199,221,11,226,5,1,132,204,168,199,221,11,227,5,1,58,161,204,168,199,221,11,230,4,9,168,204,168,199,221,11,237,5,1,119,10,76,101,105,115,116,117,110,103,101,110,161,236,138,131,168,7,189,1,12,168,204,168,199,221,11,250,5,1,119,9,83,111,110,115,116,105,103,101,115,161,236,138,131,168,7,219,1,11,168,204,168,199,221,11,134,6,1,119,12,66,101,115,116,105,109,109,117,110,103,101,110,132,236,138,131,168,7,199,6,32,83,111,110,115,116,105,103,101,32,66,101,115,116,105,109,109,117,110,103,101,110,32,97,117,102,110,101,104,109,101,110,63,161,236,138,131,168,7,229,1,12,168,204,168,199,221,11,179,6,1,119,13,75,111,109,109,117,110,105,107,97,116,105,111,110,161,236,138,131,168,7,247,1,13,168,204,168,199,221,11,193,6,1,119,14,78,111,110,32,68,105,115,99,108,111,115,117,114,101,161,236,138,131,168,7,212,7,19,168,204,168,199,221,11,213,6,1,119,18,72,97,102,116,117,110,103,115,97,117,115,115,99,104,108,117,115,115,168,236,138,131,168,7,207,1,1,121,161,204,168,199,221,11,234,3,14,168,204,168,199,221,11,229,6,1,119,13,69,114,115,116,103,101,115,112,114,195,164,99,104,161,204,168,199,221,11,212,4,42,168,204,168,199,221,11,144,7,1,119,22,86,101,114,116,114,101,116,117,110,103,32,118,111,114,32,71,101,114,105,99,104,116,161,204,168,199,221,11,213,4,8,168,204,168,199,221,11,153,7,1,119,9,77,101,100,105,97,116,105,111,110,161,204,168,199,221,11,163,5,9,161,236,138,131,168,7,221,5,21,161,236,138,131,168,7,214,5,5,33,0,201,195,240,210,13,5,42,105,110,112,117,116,95,55,48,55,57,50,102,48,48,45,97,102,50,54,45,52,52,102,57,45,57,99,100,54,45,101,52,55,52,54,55,102,99,55,52,56,52,1,0,3,136,236,138,131,168,7,131,5,1,119,42,105,110,112,117,116,95,55,48,55,57,50,102,48,48,45,97,102,50,54,45,52,52,102,57,45,57,99,100,54,45,101,52,55,52,54,55,102,99,55,52,56,52,167,204,168,199,221,11,190,7,1,40,0,204,168,199,221,11,195,7,2,105,100,1,119,42,105,110,112,117,116,95,55,48,55,57,50,102,48,48,45,97,102,50,54,45,52,52,102,57,45,57,99,100,54,45,101,52,55,52,54,55,102,99,55,52,56,52,40,0,204,168,199,221,11,195,7,4,116,121,112,101,1,119,4,116,101,120,116,33,0,204,168,199,221,11,195,7,8,114,101,113,117,105,114,101,100,1,33,0,204,168,199,221,11,195,7,5,108,97,98,101,108,41,168,204,168,199,221,11,239,7,1,119,17,83,111,110,115,116,105,103,101,32,76,101,105,115,116,117,110,103,161,204,168,199,221,11,184,7,1,161,204,168,199,221,11,163,7,18,168,204,168,199,221,11,131,8,1,119,19,65,108,108,103,101,109,101,105,110,101,32,66,101,114,97,116,117,110,103,161,204,168,199,221,11,189,7,9,168,204,168,199,221,11,141,8,1,119,9,82,101,99,104,101,114,99,104,101,161,204,168,199,221,11,241,7,8,168,204,168,199,221,11,150,8,1,119,9,71,117,116,97,99,104,116,101,110,168,204,168,199,221,11,198,7,1,121,228,3,236,138,131,168,7,0,33,0,201,195,240,210,13,1,41,110,111,100,101,95,53,102,54,51,97,50,53,56,45,49,53,102,97,45,52,52,57,57,45,98,57,48,101,45,102,50,50,52,54,52,50,56,55,98,50,100,1,0,10,33,0,201,195,240,210,13,3,41,101,100,103,101,95,102,99,98,53,101,57,102,54,45,99,54,48,49,45,52,54,49,102,45,56,49,50,50,45,97,52,50,52,49,97,49,56,49,101,100,100,1,0,6,40,0,153,165,131,220,1,111,12,102,97,108,108,98,97,99,107,69,100,103,101,1,119,41,101,100,103,101,95,102,99,98,53,101,57,102,54,45,99,54,48,49,45,52,54,49,102,45,56,49,50,50,45,97,52,50,52,49,97,49,56,49,101,100,100,0,10,167,236,138,131,168,7,0,1,40,0,236,138,131,168,7,29,2,105,100,1,119,41,110,111,100,101,95,53,102,54,51,97,50,53,56,45,49,53,102,97,45,52,52,57,57,45,98,57,48,101,45,102,50,50,52,54,52,50,56,55,98,50,100,39,0,236,138,131,168,7,29,8,112,111,115,105,116,105,111,110,1,33,0,236,138,131,168,7,31,1,120,1,33,0,236,138,131,168,7,31,1,121,1,40,0,236,138,131,168,7,29,4,116,121,112,101,1,119,10,100,111,99,117,109,101,110,116,118,50,40,0,236,138,131,168,7,29,4,110,97,109,101,1,119,8,68,111,107,117,109,101,110,116,33,0,236,138,131,168,7,29,5,102,105,110,97,108,1,39,0,236,138,131,168,7,29,5,101,100,103,101,115,0,33,0,236,138,131,168,7,29,12,100,111,99,117,109,101,110,116,78,97,109,101,1,40,0,236,138,131,168,7,29,7,118,101,114,115,105,111,110,1,125,4,40,0,236,138,131,168,7,29,13,112,108,117,103,105,110,86,101,114,115,105,111,110,1,125,1,161,236,138,131,168,7,32,1,161,236,138,131,168,7,33,2,161,236,138,131,168,7,41,1,161,236,138,131,168,7,43,2,168,236,138,131,168,7,44,1,125,64,161,236,138,131,168,7,46,1,0,3,161,153,165,131,220,1,35,7,168,236,138,131,168,7,58,1,125,128,5,39,0,201,195,240,210,13,3,41,101,100,103,101,95,99,97,100,51,57,54,50,102,45,101,54,52,98,45,52,56,48,56,45,57,54,54,50,45,53,98,53,102,49,97,48,57,51,48,100,100,1,40,0,236,138,131,168,7,60,2,105,100,1,119,41,101,100,103,101,95,99,97,100,51,57,54,50,102,45,101,54,52,98,45,52,56,48,56,45,57,54,54,50,45,53,98,53,102,49,97,48,57,51,48,100,100,40,0,236,138,131,168,7,60,4,116,121,112,101,1,119,6,100,105,114,101,99,116,40,0,236,138,131,168,7,60,7,118,101,114,115,105,111,110,1,125,3,40,0,236,138,131,168,7,60,13,112,108,117,103,105,110,86,101,114,115,105,111,110,1,125,1,40,0,236,138,131,168,7,60,6,115,111,117,114,99,101,1,119,41,110,111,100,101,95,53,56,53,99,98,50,54,56,45,97,101,50,52,45,52,55,54,50,45,56,99,49,97,45,98,48,55,56,101,52,99,101,50,101,53,101,40,0,236,138,131,168,7,60,6,116,97,114,103,101,116,1,119,41,110,111,100,101,95,101,99,55,101,99,48,99,49,45,54,101,51,102,45,52,52,101,101,45,56,100,101,100,45,49,97,53,53,102,53,48,56,57,55,53,100,167,201,195,240,210,13,2,1,40,0,236,138,131,168,7,67,2,105,100,1,119,41,110,111,100,101,95,53,56,53,99,98,50,54,56,45,97,101,50,52,45,52,55,54,50,45,56,99,49,97,45,98,48,55,56,101,52,99,101,50,101,53,101,39,0,236,138,131,168,7,67,8,112,111,115,105,116,105,111,110,1,40,0,236,138,131,168,7,69,1,120,1,125,0,33,0,236,138,131,168,7,69,1,121,1,40,0,236,138,131,168,7,67,4,116,121,112,101,1,119,4,102,111,114,109,40,0,236,138,131,168,7,67,4,110,97,109,101,1,119,7,65,98,102,114,97,103,101,40,0,236,138,131,168,7,67,5,102,105,110,97,108,1,121,39,0,236,138,131,168,7,67,5,101,100,103,101,115,0,40,0,236,138,131,168,7,67,12,102,97,108,108,98,97,99,107,69,100,103,101,1,119,41,101,100,103,101,95,99,97,100,51,57,54,50,102,45,101,54,52,98,45,52,56,48,56,45,57,54,54,50,45,53,98,53,102,49,97,48,57,51,48,100,100,39,0,236,138,131,168,7,67,6,105,110,112,117,116,115,0,40,0,236,138,131,168,7,67,7,118,101,114,115,105,111,110,1,125,4,40,0,236,138,131,168,7,67,13,112,108,117,103,105,110,86,101,114,115,105,111,110,1,125,2,39,0,236,138,131,168,7,67,8,121,67,111,110,116,101,110,116,4,167,153,165,131,220,1,44,1,40,0,236,138,131,168,7,81,2,105,100,1,119,41,110,111,100,101,95,97,51,49,54,52,56,54,53,45,54,57,102,57,45,52,49,51,101,45,57,100,97,52,45,98,55,97,51,52,57,98,56,54,52,54,99,39,0,236,138,131,168,7,81,8,112,111,115,105,116,105,111,110,1,40,0,236,138,131,168,7,83,1,120,1,125,0,40,0,236,138,131,168,7,83,1,121,1,125,180,7,40,0,236,138,131,168,7,81,4,116,121,112,101,1,119,4,102,111,114,109,40,0,236,138,131,168,7,81,4,110,97,109,101,1,119,22,90,97,104,108,101,110,32,102,195,188,114,32,83,116,114,101,105,116,119,101,114,116,40,0,236,138,131,168,7,81,5,102,105,110,97,108,1,121,39,0,236,138,131,168,7,81,5,101,100,103,101,115,0,40,0,236,138,131,168,7,81,12,102,97,108,108,98,97,99,107,69,100,103,101,1,119,41,101,100,103,101,95,51,55,57,101,51,51,49,51,45,48,49,55,48,45,52,54,49,53,45,97,54,55,53,45,50,48,50,49,52,48,99,48,49,99,51,50,39,0,236,138,131,168,7,81,6,105,110,112,117,116,115,0,40,0,236,138,131,168,7,81,7,118,101,114,115,105,111,110,1,125,4,40,0,236,138,131,168,7,81,13,112,108,117,103,105,110,86,101,114,115,105,111,110,1,125,2,39,0,236,138,131,168,7,81,8,121,67,111,110,116,101,110,116,4,161,236,138,131,168,7,48,8,167,236,138,131,168,7,11,1,40,0,236,138,131,168,7,103,2,105,100,1,119,41,101,100,103,101,95,102,99,98,53,101,57,102,54,45,99,54,48,49,45,52,54,49,102,45,56,49,50,50,45,97,52,50,52,49,97,49,56,49,101,100,100,40,0,236,138,131,168,7,103,4,116,121,112,101,1,119,6,100,105,114,101,99,116,40,0,236,138,131,168,7,103,7,118,101,114,115,105,111,110,1,125,3,40,0,236,138,131,168,7,103,13,112,108,117,103,105,110,86,101,114,115,105,111,110,1,125,1,40,0,236,138,131,168,7,103,6,115,111,117,114,99,101,1,119,41,110,111,100,101,95,53,100,98,54,55,99,54,51,45,99,57,99,97,45,52,57,52,49,45,97,53,54,101,45,99,54,99,48,100,57,57,55,50,99,50,49,40,0,236,138,131,168,7,103,6,116,97,114,103,101,116,1,119,41,110,111,100,101,95,51,49,50,55,51,98,53,98,45,100,99,101,99,45,52,55,50,102,45,57,97,100,48,45,97,101,48,57,98,99,49,101,56,50,48,54,33,0,201,195,240,210,13,1,41,110,111,100,101,95,51,49,50,55,51,98,53,98,45,100,99,101,99,45,52,55,50,102,45,57,97,100,48,45,97,101,48,57,98,99,49,101,56,50,48,54,1,0,11,161,236,138,131,168,7,102,4,167,236,138,131,168,7,110,1,40,0,236,138,131,168,7,126,2,105,100,1,119,41,110,111,100,101,95,51,49,50,55,51,98,53,98,45,100,99,101,99,45,52,55,50,102,45,57,97,100,48,45,97,101,48,57,98,99,49,101,56,50,48,54,39,0,236,138,131,168,7,126,8,112,111,115,105,116,105,111,110,1,40,0,236,138,131,168,7,128,1,1,120,1,125,0,40,0,236,138,131,168,7,128,1,1,121,1,125,156,13,40,0,236,138,131,168,7,126,4,116,121,112,101,1,119,4,102,111,114,109,33,0,236,138,131,168,7,126,4,110,97,109,101,1,40,0,236,138,131,168,7,126,5,102,105,110,97,108,1,121,39,0,236,138,131,168,7,126,5,101,100,103,101,115,0,39,0,236,138,131,168,7,126,6,105,110,112,117,116,115,0,40,0,236,138,131,168,7,126,7,118,101,114,115,105,111,110,1,125,4,40,0,236,138,131,168,7,126,13,112,108,117,103,105,110,86,101,114,115,105,111,110,1,125,2,39,0,236,138,131,168,7,126,8,121,67,111,110,116,101,110,116,4,161,236,138,131,168,7,125,11,33,0,201,195,240,210,13,1,41,110,111,100,101,95,52,57,49,101,98,97,101,55,45,55,49,50,101,45,52,97,54,100,45,56,101,102,52,45,52,99,55,49,55,101,98,57,50,100,97,57,1,0,10,39,0,201,195,240,210,13,3,41,101,100,103,101,95,55,56,98,48,49,49,57,99,45,102,49,99,102,45,52,99,53,100,45,98,50,53,99,45,56,101,97,55,53,98,97,55,48,50,52,48,1,40,0,236,138,131,168,7,161,1,2,105,100,1,119,41,101,100,103,101,95,55,56,98,48,49,49,57,99,45,102,49,99,102,45,52,99,53,100,45,98,50,53,99,45,56,101,97,55,53,98,97,55,48,50,52,48,40,0,236,138,131,168,7,161,1,4,116,121,112,101,1,119,6,100,105,114,101,99,116,40,0,236,138,131,168,7,161,1,7,118,101,114,115,105,111,110,1,125,3,40,0,236,138,131,168,7,161,1,13,112,108,117,103,105,110,86,101,114,115,105,111,110,1,125,1,40,0,236,138,131,168,7,161,1,6,115,111,117,114,99,101,1,119,41,110,111,100,101,95,51,49,50,55,51,98,53,98,45,100,99,101,99,45,52,55,50,102,45,57,97,100,48,45,97,101,48,57,98,99,49,101,56,50,48,54,40,0,236,138,131,168,7,161,1,6,116,97,114,103,101,116,1,119,41,110,111,100,101,95,52,57,49,101,98,97,101,55,45,55,49,50,101,45,52,97,54,100,45,56,101,102,52,45,52,99,55,49,55,101,98,57,50,100,97,57,40,0,236,138,131,168,7,126,12,102,97,108,108,98,97,99,107,69,100,103,101,1,119,41,101,100,103,101,95,55,56,98,48,49,49,57,99,45,102,49,99,102,45,52,99,53,100,45,98,50,53,99,45,56,101,97,55,53,98,97,55,48,50,52,48,0,4,161,236,138,131,168,7,149,1,2,168,236,138,131,168,7,174,1,1,125,132,19,0,7,167,236,138,131,168,7,150,1,1,40,0,236,138,131,168,7,183,1,2,105,100,1,119,41,110,111,100,101,95,52,57,49,101,98,97,101,55,45,55,49,50,101,45,52,97,54,100,45,56,101,102,52,45,52,99,55,49,55,101,98,57,50,100,97,57,39,0,236,138,131,168,7,183,1,8,112,111,115,105,116,105,111,110,1,40,0,236,138,131,168,7,185,1,1,120,1,125,64,40,0,236,138,131,168,7,185,1,1,121,1,125,144,16,40,0,236,138,131,168,7,183,1,4,116,121,112,101,1,119,4,102,111,114,109,33,0,236,138,131,168,7,183,1,4,110,97,109,101,1,40,0,236,138,131,168,7,183,1,5,102,105,110,97,108,1,121,39,0,236,138,131,168,7,183,1,5,101,100,103,101,115,0,39,0,236,138,131,168,7,183,1,6,105,110,112,117,116,115,0,40,0,236,138,131,168,7,183,1,7,118,101,114,115,105,111,110,1,125,4,40,0,236,138,131,168,7,183,1,13,112,108,117,103,105,110,86,101,114,115,105,111,110,1,125,2,39,0,236,138,131,168,7,183,1,8,121,67,111,110,116,101,110,116,4,33,0,201,195,240,210,13,5,42,105,110,112,117,116,95,101,99,100,98,51,101,102,51,45,48,51,49,101,45,52,100,55,53,45,98,57,55,100,45,48,50,48,49,101,102,56,97,100,54,97,99,1,0,3,8,0,236,138,131,168,7,192,1,1,119,42,105,110,112,117,116,95,101,99,100,98,51,101,102,51,45,48,51,49,101,45,52,100,55,53,45,98,57,55,100,45,48,50,48,49,101,102,56,97,100,54,97,99,167,236,138,131,168,7,196,1,1,40,0,236,138,131,168,7,201,1,2,105,100,1,119,42,105,110,112,117,116,95,101,99,100,98,51,101,102,51,45,48,51,49,101,45,52,100,55,53,45,98,57,55,100,45,48,50,48,49,101,102,56,97,100,54,97,99,40,0,236,138,131,168,7,201,1,4,116,121,112,101,1,119,12,109,117,108,116,105,45,115,101,108,101,99,116,39,0,236,138,131,168,7,201,1,7,97,110,115,119,101,114,115,0,7,0,236,138,131,168,7,204,1,1,40,0,236,138,131,168,7,205,1,2,105,100,1,119,36,100,53,101,53,101,100,54,98,45,53,101,101,56,45,52,100,53,102,45,56,54,54,101,45,53,100,99,57,49,102,50,51,56,57,56,100,33,0,236,138,131,168,7,201,1,8,114,101,113,117,105,114,101,100,1,33,0,236,138,131,168,7,201,1,5,108,97,98,101,108,12,33,0,236,138,131,168,7,205,1,5,118,97,108,117,101,10,135,236,138,131,168,7,205,1,1,40,0,236,138,131,168,7,230,1,2,105,100,1,119,36,52,100,57,52,48,49,54,49,45,50,97,98,49,45,52,101,54,56,45,57,51,54,51,45,52,49,101,55,49,101,49,51,49,100,100,54,135,236,138,131,168,7,230,1,1,40,0,236,138,131,168,7,232,1,2,105,100,1,119,36,51,97,57,51,99,56,51,98,45,51,51,54,100,45,52,52,98,50,45,56,100,50,57,45,54,54,50,97,50,49,52,97,54,101,53,48,33,0,236,138,131,168,7,230,1,5,118,97,108,117,101,14,33,0,236,138,131,168,7,232,1,5,118,97,108,117,101,6,33,0,201,195,240,210,13,5,42,105,110,112,117,116,95,48,51,54,100,50,57,57,99,45,101,101,102,54,45,52,100,101,100,45,57,48,53,55,45,102,48,56,101,101,53,48,55,53,54,53,53,1,0,3,8,0,236,138,131,168,7,77,1,119,42,105,110,112,117,116,95,48,51,54,100,50,57,57,99,45,101,101,102,54,45,52,100,101,100,45,57,48,53,55,45,102,48,56,101,101,53,48,55,53,54,53,53,161,236,138,131,168,7,254,1,1,0,4,167,236,138,131,168,7,131,2,1,40,0,236,138,131,168,7,136,2,2,105,100,1,119,42,105,110,112,117,116,95,48,51,54,100,50,57,57,99,45,101,101,102,54,45,52,100,101,100,45,57,48,53,55,45,102,48,56,101,101,53,48,55,53,54,53,53,40,0,236,138,131,168,7,136,2,4,116,121,112,101,1,119,4,116,101,120,116,33,0,236,138,131,168,7,136,2,8,114,101,113,117,105,114,101,100,1,33,0,236,138,131,168,7,136,2,5,108,97,98,101,108,17,168,236,138,131,168,7,156,2,1,119,17,86,111,114,45,32,117,110,100,32,78,97,99,104,110,97,109,101,33,0,201,195,240,210,13,5,42,105,110,112,117,116,95,98,49,50,56,52,100,48,100,45,57,97,57,54,45,52,101,102,98,45,57,56,55,49,45,100,99,100,50,51,102,102,102,50,51,98,99,1,0,3,136,236,138,131,168,7,130,2,1,119,42,105,110,112,117,116,95,98,49,50,56,52,100,48,100,45,57,97,57,54,45,52,101,102,98,45,57,56,55,49,45,100,99,100,50,51,102,102,102,50,51,98,99,161,236,138,131,168,7,158,2,1,0,21,161,236,138,131,168,7,163,2,1,0,4,167,236,138,131,168,7,185,2,1,40,0,236,138,131,168,7,190,2,2,105,100,1,119,42,105,110,112,117,116,95,98,49,50,56,52,100,48,100,45,57,97,57,54,45,52,101,102,98,45,57,56,55,49,45,100,99,100,50,51,102,102,102,50,51,98,99,40,0,236,138,131,168,7,190,2,4,116,121,112,101,1,119,4,116,101,120,116,40,0,236,138,131,168,7,190,2,8,114,101,113,117,105,114,101,100,1,120,40,0,236,138,131,168,7,190,2,5,108,97,98,101,108,1,119,7,87,111,104,110,111,114,116,33,0,201,195,240,210,13,5,42,105,110,112,117,116,95,52,97,99,49,97,56,55,51,45,100,54,102,54,45,52,100,98,100,45,97,56,56,54,45,102,102,102,51,97,56,50,102,101,55,53,49,1,0,3,136,236,138,131,168,7,162,2,1,119,42,105,110,112,117,116,95,52,97,99,49,97,56,55,51,45,100,54,102,54,45,52,100,98,100,45,97,56,56,54,45,102,102,102,51,97,56,50,102,101,55,53,49,167,236,138,131,168,7,195,2,1,40,0,236,138,131,168,7,200,2,2,105,100,1,119,42,105,110,112,117,116,95,52,97,99,49,97,56,55,51,45,100,54,102,54,45,52,100,98,100,45,97,56,56,54,45,102,102,102,51,97,56,50,102,101,55,53,49,40,0,236,138,131,168,7,200,2,4,116,121,112,101,1,119,4,116,101,120,116,40,0,236,138,131,168,7,200,2,8,114,101,113,117,105,114,101,100,1,120,33,0,236,138,131,168,7,200,2,5,108,97,98,101,108,19,168,236,138,131,168,7,222,2,1,119,20,73,66,65,78,32,100,101,115,32,69,109,112,102,195,164,110,103,101,114,115,168,236,138,131,168,7,139,2,1,121,1,0,236,138,131,168,7,80,1,0,25,33,0,201,195,240,210,13,5,42,105,110,112,117,116,95,97,54,100,97,49,48,57,53,45,101,55,56,102,45,52,50,99,102,45,97,55,97,57,45,97,49,53,100,101,56,53,50,51,101,53,55,1,0,3,8,0,153,165,131,220,1,40,1,119,42,105,110,112,117,116,95,97,54,100,97,49,48,57,53,45,101,55,56,102,45,52,50,99,102,45,97,55,97,57,45,97,49,53,100,101,56,53,50,51,101,53,55,167,236,138,131,168,7,251,2,1,40,0,236,138,131,168,7,128,3,2,105,100,1,119,42,105,110,112,117,116,95,97,54,100,97,49,48,57,53,45,101,55,56,102,45,52,50,99,102,45,97,55,97,57,45,97,49,53,100,101,56,53,50,51,101,53,55,40,0,236,138,131,168,7,128,3,4,116,121,112,101,1,119,6,115,101,108,101,99,116,39,0,236,138,131,168,7,128,3,7,97,110,115,119,101,114,115,0,7,0,236,138,131,168,7,131,3,1,40,0,236,138,131,168,7,132,3,2,105,100,1,119,36,49,56,51,51,57,99,57,49,45,48,101,101,57,45,52,101,52,51,45,57,102,97,101,45,49,101,50,55,100,102,52,49,50,51,49,100,40,0,236,138,131,168,7,128,3,8,114,101,113,117,105,114,101,100,1,120,33,0,236,138,131,168,7,128,3,5,108,97,98,101,108,20,168,236,138,131,168,7,154,3,1,119,18,68,97,116,101,110,115,99,104,117,116,122,104,105,110,119,101,105,115,33,0,236,138,131,168,7,132,3,5,118,97,108,117,101,1,168,236,138,131,168,7,156,3,1,119,2,74,97,135,236,138,131,168,7,132,3,1,40,0,236,138,131,168,7,158,3,2,105,100,1,119,36,99,100,49,51,100,57,55,102,45,50,97,98,102,45,52,48,101,49,45,56,99,100,48,45,55,51,51,51,57,49,99,49,100,49,98,51,33,0,236,138,131,168,7,158,3,5,118,97,108,117,101,4,168,236,138,131,168,7,163,3,1,119,4,78,101,105,110,7,0,153,165,131,220,1,43,3,9,112,97,114,97,103,114,97,112,104,7,0,236,138,131,168,7,165,3,6,1,0,236,138,131,168,7,166,3,1,132,236,138,131,168,7,167,3,10,83,111,108,108,32,97,117,102,32,100,129,236,138,131,168,7,177,3,1,129,236,138,131,168,7,178,3,1,132,236,138,131,168,7,179,3,12,32,68,97,116,101,110,115,99,104,117,116,122,132,236,138,131,168,7,191,3,12,32,104,105,110,103,101,119,105,101,115,101,110,129,236,138,131,168,7,203,3,1,132,236,138,131,168,7,204,3,7,32,119,101,114,100,101,110,196,236,138,131,168,7,178,3,236,138,131,168,7,179,3,2,105,101,196,236,138,131,168,7,191,3,236,138,131,168,7,192,3,10,101,114,107,108,195,164,114,117,110,103,132,236,138,131,168,7,211,3,1,63,71,236,138,131,168,7,225,2,3,9,112,97,114,97,103,114,97,112,104,7,0,236,138,131,168,7,224,3,6,4,0,236,138,131,168,7,225,3,6,66,105,116,116,101,32,132,236,138,131,168,7,231,3,9,68,97,116,101,110,32,101,105,110,129,236,138,131,168,7,240,3,6,33,0,201,195,240,210,13,5,42,105,110,112,117,116,95,56,49,99,48,99,57,99,51,45,51,48,55,51,45,52,50,57,100,45,57,52,55,57,45,101,49,57,99,102,55,100,102,56,50,49,52,1,0,3,8,0,236,138,131,168,7,91,1,119,42,105,110,112,117,116,95,56,49,99,48,99,57,99,51,45,51,48,55,51,45,52,50,57,100,45,57,52,55,57,45,101,49,57,99,102,55,100,102,56,50,49,52,161,236,138,131,168,7,247,3,1,0,7,167,236,138,131,168,7,252,3,1,40,0,236,138,131,168,7,132,4,2,105,100,1,119,42,105,110,112,117,116,95,56,49,99,48,99,57,99,51,45,51,48,55,51,45,52,50,57,100,45,57,52,55,57,45,101,49,57,99,102,55,100,102,56,50,49,52,40,0,236,138,131,168,7,132,4,4,116,121,112,101,1,119,6,110,117,109,98,101,114,40,0,236,138,131,168,7,132,4,8,114,101,113,117,105,114,101,100,1,120,33,0,236,138,131,168,7,132,4,5,108,97,98,101,108,1,40,0,236,138,131,168,7,132,4,3,109,105,110,1,125,0,33,0,201,195,240,210,13,5,42,105,110,112,117,116,95,100,55,57,53,97,97,52,102,45,102,55,97,52,45,52,54,97,101,45,98,99,49,53,45,99,51,49,98,100,98,53,55,97,99,102,55,1,0,3,136,236,138,131,168,7,251,3,1,119,42,105,110,112,117,116,95,100,55,57,53,97,97,52,102,45,102,55,97,52,45,52,54,97,101,45,98,99,49,53,45,99,51,49,98,100,98,53,55,97,99,102,55,33,0,201,195,240,210,13,5,42,105,110,112,117,116,95,50,49,54,55,51,48,97,56,45,55,49,51,56,45,52,55,52,97,45,97,48,54,49,45,99,49,100,100,49,97,51,100,53,99,100,52,1,0,3,129,236,138,131,168,7,142,4,1,33,0,201,195,240,210,13,5,42,105,110,112,117,116,95,101,99,101,53,54,53,98,98,45,48,97,102,50,45,52,98,101,98,45,57,102,55,49,45,56,98,54,57,48,53,53,100,97,55,99,55,1,0,3,129,236,138,131,168,7,147,4,1,167,236,138,131,168,7,138,4,1,40,0,236,138,131,168,7,153,4,2,105,100,1,119,42,105,110,112,117,116,95,100,55,57,53,97,97,52,102,45,102,55,97,52,45,52,54,97,101,45,98,99,49,53,45,99,51,49,98,100,98,53,55,97,99,102,55,40,0,236,138,131,168,7,153,4,4,116,121,112,101,1,119,6,110,117,109,98,101,114,40,0,236,138,131,168,7,153,4,8,114,101,113,117,105,114,101,100,1,120,33,0,236,138,131,168,7,153,4,5,108,97,98,101,108,1,40,0,236,138,131,168,7,153,4,3,109,105,110,1,125,0,161,236,138,131,168,7,136,4,10,168,236,138,131,168,7,168,4,1,119,11,77,111,110,97,116,115,109,105,101,116,101,161,236,138,131,168,7,157,4,29,168,236,138,131,168,7,198,4,1,119,20,77,105,101,116,100,97,117,101,114,32,105,110,32,77,111,110,97,116,101,110,7,0,236,138,131,168,7,94,3,9,112,97,114,97,103,114,97,112,104,7,0,236,138,131,168,7,200,4,6,4,0,236,138,131,168,7,201,4,54,68,97,116,101,110,32,102,195,188,114,32,101,105,110,101,32,115,101,104,114,32,118,101,114,101,105,110,102,97,99,104,116,101,32,83,116,114,101,105,116,119,101,114,116,98,101,114,101,99,104,110,117,110,103,33,0,201,195,240,210,13,5,42,105,110,112,117,116,95,97,102,52,54,52,98,97,99,45,102,49,102,52,45,52,56,57,48,45,98,55,52,97,45,100,53,102,99,51,54,54,56,48,56,102,52,1,0,3,8,0,236,138,131,168,7,135,1,1,119,42,105,110,112,117,116,95,97,102,52,54,52,98,97,99,45,102,49,102,52,45,52,56,57,48,45,98,55,52,97,45,100,53,102,99,51,54,54,56,48,56,102,52,161,236,138,131,168,7,255,4,1,0,7,161,236,138,131,168,7,132,5,1,0,7,167,236,138,131,168,7,140,5,1,40,0,236,138,131,168,7,148,5,2,105,100,1,119,42,105,110,112,117,116,95,97,102,52,54,52,98,97,99,45,102,49,102,52,45,52,56,57,48,45,98,55,52,97,45,100,53,102,99,51,54,54,56,48,56,102,52,40,0,236,138,131,168,7,148,5,4,116,121,112,101,1,119,12,109,117,108,116,105,45,115,101,108,101,99,116,33,0,236,138,131,168,7,148,5,7,97,110,115,119,101,114,115,1,0,2,33,0,236,138,131,168,7,148,5,8,114,101,113,117,105,114,101,100,1,33,0,236,138,131,168,7,148,5,5,108,97,98,101,108,16,0,27,167,236,138,131,168,7,151,5,0,7,0,236,138,131,168,7,198,5,1,40,0,236,138,131,168,7,199,5,2,105,100,1,119,36,50,101,54,53,101,102,51,56,45,57,53,102,101,45,52,102,101,51,45,56,54,100,98,45,51,101,50,57,53,97,99,99,97,101,100,55,33,0,236,138,131,168,7,199,5,5,118,97,108,117,101,1,135,236,138,131,168,7,199,5,1,40,0,236,138,131,168,7,202,5,2,105,100,1,119,36,97,48,54,57,56,49,101,99,45,100,53,97,55,45,52,56,54,57,45,97,97,56,48,45,99,49,99,100,49,49,100,49,53,52,100,102,33,0,236,138,131,168,7,202,5,5,118,97,108,117,101,1,135,236,138,131,168,7,202,5,1,40,0,236,138,131,168,7,205,5,2,105,100,1,119,36,54,51,57,56,102,49,101,51,45,57,98,57,49,45,52,102,54,55,45,98,48,51,102,45,100,57,97,49,99,49,52,55,52,97,48,101,33,0,236,138,131,168,7,205,5,5,118,97,108,117,101,1,135,236,138,131,168,7,205,5,1,40,0,236,138,131,168,7,208,5,2,105,100,1,119,36,98,57,101,100,98,57,56,54,45,56,97,54,50,45,52,97,48,53,45,97,102,57,100,45,51,51,54,49,54,98,100,51,49,53,55,50,33,0,236,138,131,168,7,208,5,5,118,97,108,117,101,1,135,236,138,131,168,7,208,5,1,40,0,236,138,131,168,7,211,5,2,105,100,1,119,36,101,97,54,97,100,52,48,100,45,56,102,97,97,45,52,48,52,55,45,97,53,52,52,45,56,51,102,99,53,101,102,97,98,49,98,98,33,0,236,138,131,168,7,211,5,5,118,97,108,117,101,2,135,236,138,131,168,7,211,5,1,40,0,236,138,131,168,7,215,5,2,105,100,1,119,36,53,52,50,49,52,56,102,98,45,53,55,49,53,45,52,57,52,100,45,98,97,100,98,45,102,48,50,54,55,55,57,57,48,50,48,97,33,0,236,138,131,168,7,215,5,5,118,97,108,117,101,5,7,0,236,138,131,168,7,138,1,3,9,112,97,114,97,103,114,97,112,104,7,0,236,138,131,168,7,222,5,6,1,0,236,138,131,168,7,223,5,5,129,236,138,131,168,7,228,5,2,129,236,138,131,168,7,230,5,40,193,236,138,131,168,7,228,5,236,138,131,168,7,229,5,6,193,236,138,131,168,7,230,5,236,138,131,168,7,231,5,1,168,236,138,131,168,7,154,5,1,121,7,0,236,138,131,168,7,195,1,3,9,112,97,114,97,103,114,97,112,104,7,0,236,138,131,168,7,151,6,6,1,0,236,138,131,168,7,152,6,47,39,0,201,195,240,210,13,3,41,101,100,103,101,95,100,50,102,53,97,51,48,97,45,97,52,49,102,45,52,99,98,97,45,57,97,99,101,45,101,97,50,101,99,98,49,51,54,48,56,50,1,40,0,236,138,131,168,7,200,6,2,105,100,1,119,41,101,100,103,101,95,100,50,102,53,97,51,48,97,45,97,52,49,102,45,52,99,98,97,45,57,97,99,101,45,101,97,50,101,99,98,49,51,54,48,56,50,40,0,236,138,131,168,7,200,6,4,116,121,112,101,1,119,6,100,105,114,101,99,116,40,0,236,138,131,168,7,200,6,7,118,101,114,115,105,111,110,1,125,3,40,0,236,138,131,168,7,200,6,13,112,108,117,103,105,110,86,101,114,115,105,111,110,1,125,1,40,0,236,138,131,168,7,200,6,6,115,111,117,114,99,101,1,119,41,110,111,100,101,95,52,57,49,101,98,97,101,55,45,55,49,50,101,45,52,97,54,100,45,56,101,102,52,45,52,99,55,49,55,101,98,57,50,100,97,57,40,0,236,138,131,168,7,200,6,6,116,97,114,103,101,116,1,119,41,110,111,100,101,95,53,102,54,51,97,50,53,56,45,49,53,102,97,45,52,52,57,57,45,98,57,48,101,45,102,50,50,52,54,52,50,56,55,98,50,100,40,0,236,138,131,168,7,183,1,12,102,97,108,108,98,97,99,107,69,100,103,101,1,119,41,101,100,103,101,95,100,50,102,53,97,51,48,97,45,97,52,49,102,45,52,99,98,97,45,57,97,99,101,45,101,97,50,101,99,98,49,51,54,48,56,50,132,236,138,131,168,7,254,4,1,46,7,0,153,165,131,220,1,122,3,9,112,97,114,97,103,114,97,112,104,1,0,236,138,131,168,7,209,6,1,0,1,71,236,138,131,168,7,210,6,3,7,109,101,110,116,105,111,110,40,0,236,138,131,168,7,212,6,2,105,100,1,119,85,110,111,100,101,95,97,51,49,54,52,56,54,53,45,54,57,102,57,45,52,49,51,101,45,57,100,97,52,45,98,55,97,51,52,57,98,56,54,52,54,99,95,95,105,110,112,117,116,95,56,49,99,48,99,57,99,51,45,51,48,55,51,45,52,50,57,100,45,57,52,55,57,45,101,49,57,99,102,55,100,102,56,50,49,52,199,236,138,131,168,7,212,6,236,138,131,168,7,210,6,6,1,0,236,138,131,168,7,214,6,2,193,236,138,131,168,7,214,6,236,138,131,168,7,210,6,1,0,1,193,236,138,131,168,7,217,6,236,138,131,168,7,210,6,1,0,1,129,236,138,131,168,7,216,6,1,196,236,138,131,168,7,216,6,236,138,131,168,7,221,6,1,42,129,236,138,131,168,7,232,1,1,0,1,33,0,236,138,131,168,7,29,12,116,101,109,112,108,97,116,101,85,117,105,100,1,129,236,138,131,168,7,221,6,1,193,236,138,131,168,7,216,6,236,138,131,168,7,222,6,1,132,236,138,131,168,7,226,6,1,32,196,236,138,131,168,7,227,6,236,138,131,168,7,222,6,1,32,161,236,138,131,168,7,36,1,161,236,138,131,168,7,71,2,168,236,138,131,168,7,230,6,1,121,33,0,201,195,240,210,13,1,41,110,111,100,101,95,54,54,49,53,51,53,51,99,45,99,54,50,97,45,52,50,49,53,45,98,97,49,54,45,57,102,52,49,56,100,101,102,99,102,97,49,1,0,10,39,0,201,195,240,210,13,3,41,101,100,103,101,95,52,50,101,54,49,52,53,56,45,52,51,53,102,45,52,56,53,97,45,98,101,52,98,45,48,52,100,56,55,57,99,53,101,49,102,101,1,40,0,236,138,131,168,7,245,6,2,105,100,1,119,41,101,100,103,101,95,52,50,101,54,49,52,53,56,45,52,51,53,102,45,52,56,53,97,45,98,101,52,98,45,48,52,100,56,55,57,99,53,101,49,102,101,40,0,236,138,131,168,7,245,6,4,116,121,112,101,1,119,6,100,105,114,101,99,116,40,0,236,138,131,168,7,245,6,7,118,101,114,115,105,111,110,1,125,3,40,0,236,138,131,168,7,245,6,13,112,108,117,103,105,110,86,101,114,115,105,111,110,1,125,1,40,0,236,138,131,168,7,245,6,6,115,111,117,114,99,101,1,119,41,110,111,100,101,95,53,102,54,51,97,50,53,56,45,49,53,102,97,45,52,52,57,57,45,98,57,48,101,45,102,50,50,52,54,52,50,56,55,98,50,100,40,0,236,138,131,168,7,245,6,6,116,97,114,103,101,116,1,119,41,110,111,100,101,95,54,54,49,53,51,53,51,99,45,99,54,50,97,45,52,50,49,53,45,98,97,49,54,45,57,102,52,49,56,100,101,102,99,102,97,49,40,0,236,138,131,168,7,29,12,102,97,108,108,98,97,99,107,69,100,103,101,1,119,41,101,100,103,101,95,52,50,101,54,49,52,53,56,45,52,51,53,102,45,52,56,53,97,45,98,101,52,98,45,48,52,100,56,55,57,99,53,101,49,102,101,167,236,138,131,168,7,234,6,1,40,0,236,138,131,168,7,253,6,2,105,100,1,119,41,110,111,100,101,95,54,54,49,53,51,53,51,99,45,99,54,50,97,45,52,50,49,53,45,98,97,49,54,45,57,102,52,49,56,100,101,102,99,102,97,49,39,0,236,138,131,168,7,253,6,8,112,111,115,105,116,105,111,110,1,40,0,236,138,131,168,7,255,6,1,120,1,125,0,33,0,236,138,131,168,7,255,6,1,121,1,40,0,236,138,131,168,7,253,6,4,116,121,112,101,1,119,4,105,110,102,111,33,0,236,138,131,168,7,253,6,4,110,97,109,101,1,33,0,236,138,131,168,7,253,6,5,102,105,110,97,108,1,39,0,236,138,131,168,7,253,6,5,101,100,103,101,115,0,40,0,236,138,131,168,7,253,6,7,118,101,114,115,105,111,110,1,125,4,40,0,236,138,131,168,7,253,6,13,112,108,117,103,105,110,86,101,114,115,105,111,110,1,125,2,39,0,236,138,131,168,7,253,6,8,121,67,111,110,116,101,110,116,4,161,236,138,131,168,7,131,7,16,168,236,138,131,168,7,152,7,1,119,8,68,111,119,110,108,111,97,100,7,0,236,138,131,168,7,136,7,3,9,112,97,114,97,103,114,97,112,104,7,0,236,138,131,168,7,154,7,6,4,0,236,138,131,168,7,155,7,40,72,105,101,114,32,107,97,110,110,115,116,32,100,117,32,100,97,115,32,68,111,107,117,109,101,110,116,32,100,111,119,110,108,111,97,100,101,110,58,32,129,236,138,131,168,7,195,7,1,135,236,138,131,168,7,155,7,3,7,109,101,110,116,105,111,110,40,0,236,138,131,168,7,197,7,2,105,100,1,119,41,110,111,100,101,95,53,102,54,51,97,50,53,56,45,49,53,102,97,45,52,52,57,57,45,98,57,48,101,45,102,50,50,52,54,52,50,56,55,98,50,100,135,236,138,131,168,7,197,7,6,4,0,236,138,131,168,7,199,7,1,32,161,236,138,131,168,7,253,1,12,33,0,201,195,240,210,13,1,41,110,111,100,101,95,101,52,55,48,100,57,48,55,45,102,98,99,48,45,52,97,100,99,45,97,98,97,101,45,57,101,52,101,98,57,101,52,48,48,99,51,1,0,10,167,236,138,131,168,7,213,7,1,40,0,236,138,131,168,7,224,7,2,105,100,1,119,41,110,111,100,101,95,101,52,55,48,100,57,48,55,45,102,98,99,48,45,52,97,100,99,45,97,98,97,101,45,57,101,52,101,98,57,101,52,48,48,99,51,39,0,236,138,131,168,7,224,7,8,112,111,115,105,116,105,111,110,1,40,0,236,138,131,168,7,226,7,1,120,1,125,128,10,40,0,236,138,131,168,7,226,7,1,121,1,125,184,16,40,0,236,138,131,168,7,224,7,4,116,121,112,101,1,119,9,114,101,112,111,114,116,105,110,103,40,0,236,138,131,168,7,224,7,4,110,97,109,101,1,119,7,66,108,111,99,107,32,57,40,0,236,138,131,168,7,224,7,5,102,105,110,97,108,1,121,39,0,236,138,131,168,7,224,7,5,101,100,103,101,115,0,40,0,236,138,131,168,7,224,7,11,109,97,105,108,83,117,98,106,101,99,116,1,119,13,78,101,117,101,114,32,66,101,116,114,101,102,102,40,0,236,138,131,168,7,224,7,9,114,101,99,105,112,105,101,110,116,1,119,13,116,101,115,116,64,116,101,115,116,46,99,111,109,39,0,236,138,131,168,7,224,7,12,97,116,116,97,99,104,101,109,101,110,116,115,0,40,0,236,138,131,168,7,224,7,15,115,101,110,100,85,115,101,114,65,110,115,119,101,114,115,1,121,40,0,236,138,131,168,7,224,7,7,118,101,114,115,105,111,110,1,125,4,40,0,236,138,131,168,7,224,7,13,112,108,117,103,105,110,86,101,114,115,105,111,110,1,125,2,39,0,236,138,131,168,7,224,7,9,121,77,97,105,108,66,111,100,121,4,40,0,236,138,131,168,7,224,7,9,105,115,82,101,109,111,118,101,100,1,120,33,0,201,195,240,210,13,1,41,110,111,100,101,95,55,101,97,100,49,57,51,55,45,53,100,51,57,45,52,48,50,55,45,97,56,57,57,45,98,101,56,55,102,99,55,101,100,100,48,55,1,0,10,167,236,138,131,168,7,241,7,1,40,0,236,138,131,168,7,252,7,2,105,100,1,119,41,110,111,100,101,95,55,101,97,100,49,57,51,55,45,53,100,51,57,45,52,48,50,55,45,97,56,57,57,45,98,101,56,55,102,99,55,101,100,100,48,55,39,0,236,138,131,168,7,252,7,8,112,111,115,105,116,105,111,110,1,33,0,236,138,131,168,7,254,7,1,120,1,33,0,236,138,131,168,7,254,7,1,121,1,40,0,236,138,131,168,7,252,7,4,116,121,112,101,1,119,9,114,101,112,111,114,116,105,110,103,40,0,236,138,131,168,7,252,7,4,110,97,109,101,1,119,7,66,108,111,99,107,32,57,40,0,236,138,131,168,7,252,7,5,102,105,110,97,108,1,121,39,0,236,138,131,168,7,252,7,5,101,100,103,101,115,0,40,0,236,138,131,168,7,252,7,11,109,97,105,108,83,117,98,106,101,99,116,1,119,13,78,101,117,101,114,32,66,101,116,114,101,102,102,40,0,236,138,131,168,7,252,7,9,114,101,99,105,112,105,101,110,116,1,119,13,116,101,115,116,64,116,101,115,116,46,99,111,109,39,0,236,138,131,168,7,252,7,12,97,116,116,97,99,104,101,109,101,110,116,115,0,40,0,236,138,131,168,7,252,7,15,115,101,110,100,85,115,101,114,65,110,115,119,101,114,115,1,121,40,0,236,138,131,168,7,252,7,7,118,101,114,115,105,111,110,1,125,4,40,0,236,138,131,168,7,252,7,13,112,108,117,103,105,110,86,101,114,115,105,111,110,1,125,2,39,0,236,138,131,168,7,252,7,9,121,77,97,105,108,66,111,100,121,4,161,236,138,131,168,7,255,7,5,161,236,138,131,168,7,128,8,1,161,236,138,131,168,7,144,8,4,161,236,138,131,168,7,145,8,1,161,236,138,131,168,7,149,8,3,161,236,138,131,168,7,150,8,1,161,236,138,131,168,7,153,8,2,161,236,138,131,168,7,154,8,1,161,236,138,131,168,7,156,8,2,161,236,138,131,168,7,157,8,1,161,236,138,131,168,7,159,8,1,161,236,138,131,168,7,160,8,1,161,236,138,131,168,7,161,8,1,161,236,138,131,168,7,162,8,3,161,236,138,131,168,7,163,8,1,161,236,138,131,168,7,166,8,2,161,236,138,131,168,7,167,8,1,161,236,138,131,168,7,169,8,2,161,236,138,131,168,7,170,8,2,161,236,138,131,168,7,172,8,1,161,236,138,131,168,7,174,8,1,168,236,138,131,168,7,175,8,1,125,132,19,161,236,138,131,168,7,176,8,1,168,236,138,131,168,7,178,8,1,125,148,5,40,0,236,138,131,168,7,252,7,9,105,115,82,101,109,111,118,101,100,1,120,33,0,201,195,240,210,13,1,41,110,111,100,101,95,50,97,51,52,98,56,98,50,45,98,57,49,50,45,52,100,49,101,45,57,50,51,54,45,102,50,53,54,102,100,99,53,50,56,52,98,1,0,10,167,236,138,131,168,7,181,8,1,40,0,236,138,131,168,7,192,8,2,105,100,1,119,41,110,111,100,101,95,50,97,51,52,98,56,98,50,45,98,57,49,50,45,52,100,49,101,45,57,50,51,54,45,102,50,53,54,102,100,99,53,50,56,52,98,39,0,236,138,131,168,7,192,8,8,112,111,115,105,116,105,111,110,1,33,0,236,138,131,168,7,194,8,1,120,1,33,0,236,138,131,168,7,194,8,1,121,1,40,0,236,138,131,168,7,192,8,4,116,121,112,101,1,119,9,114,101,112,111,114,116,105,110,103,40,0,236,138,131,168,7,192,8,4,110,97,109,101,1,119,7,66,108,111,99,107,32,57,40,0,236,138,131,168,7,192,8,5,102,105,110,97,108,1,121,39,0,236,138,131,168,7,192,8,5,101,100,103,101,115,0,40,0,236,138,131,168,7,192,8,11,109,97,105,108,83,117,98,106,101,99,116,1,119,13,78,101,117,101,114,32,66,101,116,114,101,102,102,40,0,236,138,131,168,7,192,8,9,114,101,99,105,112,105,101,110,116,1,119,13,116,101,115,116,64,116,101,115,116,46,99,111,109,39,0,236,138,131,168,7,192,8,12,97,116,116,97,99,104,101,109,101,110,116,115,0,40,0,236,138,131,168,7,192,8,15,115,101,110,100,85,115,101,114,65,110,115,119,101,114,115,1,121,40,0,236,138,131,168,7,192,8,7,118,101,114,115,105,111,110,1,125,4,40,0,236,138,131,168,7,192,8,13,112,108,117,103,105,110,86,101,114,115,105,111,110,1,125,2,39,0,236,138,131,168,7,192,8,9,121,77,97,105,108,66,111,100,121,4,161,236,138,131,168,7,195,8,1,161,236,138,131,168,7,196,8,2,161,236,138,131,168,7,208,8,1,161,236,138,131,168,7,210,8,1,161,236,138,131,168,7,211,8,2,161,236,138,131,168,7,212,8,2,161,236,138,131,168,7,214,8,1,161,236,138,131,168,7,216,8,1,161,236,138,131,168,7,217,8,1,161,236,138,131,168,7,218,8,2,161,236,138,131,168,7,219,8,1,161,236,138,131,168,7,221,8,6,161,236,138,131,168,7,222,8,6,161,236,138,131,168,7,228,8,1,161,236,138,131,168,7,234,8,1,168,236,138,131,168,7,235,8,1,125,132,19,161,236,138,131,168,7,236,8,2,168,236,138,131,168,7,239,8,1,125,168,5,8,0,236,138,131,168,7,203,8,2,119,41,110,111,100,101,95,53,102,54,51,97,50,53,56,45,49,53,102,97,45,52,52,57,57,45,98,57,48,101,45,102,50,50,52,54,52,50,56,55,98,50,100,119,41,110,111,100,101,95,53,102,54,51,97,50,53,56,45,49,53,102,97,45,52,52,57,57,45,98,57,48,101,45,102,50,50,52,54,52,50,56,55,98,50,100,7,0,236,138,131,168,7,207,8,3,9,112,97,114,97,103,114,97,112,104,7,0,236,138,131,168,7,243,8,6,1,0,236,138,131,168,7,244,8,1,40,0,236,138,131,168,7,192,8,9,105,115,82,101,109,111,118,101,100,1,120,33,0,201,195,240,210,13,1,41,110,111,100,101,95,54,48,52,98,51,50,54,53,45,54,48,49,50,45,52,50,52,98,45,98,48,99,57,45,51,53,100,98,52,54,57,53,55,48,51,50,1,0,24,167,236,138,131,168,7,247,8,1,40,0,236,138,131,168,7,144,9,2,105,100,1,119,41,110,111,100,101,95,54,48,52,98,51,50,54,53,45,54,48,49,50,45,52,50,52,98,45,98,48,99,57,45,51,53,100,98,52,54,57,53,55,48,51,50,39,0,236,138,131,168,7,144,9,8,112,111,115,105,116,105,111,110,1,40,0,236,138,131,168,7,146,9,1,120,1,125,168,5,40,0,236,138,131,168,7,146,9,1,121,1,125,132,19,40,0,236,138,131,168,7,144,9,4,116,121,112,101,1,119,10,100,111,99,117,109,101,110,116,118,50,40,0,236,138,131,168,7,144,9,4,110,97,109,101,1,119,7,66,108,111,99,107,32,57,40,0,236,138,131,168,7,144,9,5,102,105,110,97,108,1,121,39,0,236,138,131,168,7,144,9,5,101,100,103,101,115,0,40,0,236,138,131,168,7,144,9,12,100,111,99,117,109,101,110,116,78,97,109,101,1,119,8,68,111,107,117,109,101,110,116,40,0,236,138,131,168,7,144,9,7,118,101,114,115,105,111,110,1,125,4,40,0,236,138,131,168,7,144,9,13,112,108,117,103,105,110,86,101,114,115,105,111,110,1,125,1,40,0,236,138,131,168,7,144,9,9,105,115,82,101,109,111,118,101,100,1,120,33,0,201,195,240,210,13,1,41,110,111,100,101,95,100,101,53,56,99,54,97,99,45,100,54,100,99,45,52,57,48,49,45,57,53,98,55,45,52,100,49,100,50,49,99,49,97,51,50,54,1,0,10,167,236,138,131,168,7,157,9,1,40,0,236,138,131,168,7,168,9,2,105,100,1,119,41,110,111,100,101,95,100,101,53,56,99,54,97,99,45,100,54,100,99,45,52,57,48,49,45,57,53,98,55,45,52,100,49,100,50,49,99,49,97,51,50,54,39,0,236,138,131,168,7,168,9,8,112,111,115,105,116,105,111,110,1,40,0,236,138,131,168,7,170,9,1,120,1,125,172,9,40,0,236,138,131,168,7,170,9,1,121,1,125,132,19,40,0,236,138,131,168,7,168,9,4,116,121,112,101,1,119,9,114,101,112,111,114,116,105,110,103,40,0,236,138,131,168,7,168,9,4,110,97,109,101,1,119,7,66,108,111,99,107,32,57,40,0,236,138,131,168,7,168,9,5,102,105,110,97,108,1,121,39,0,236,138,131,168,7,168,9,5,101,100,103,101,115,0,40,0,236,138,131,168,7,168,9,11,109,97,105,108,83,117,98,106,101,99,116,1,119,13,78,101,117,101,114,32,66,101,116,114,101,102,102,40,0,236,138,131,168,7,168,9,9,114,101,99,105,112,105,101,110,116,1,119,13,116,101,115,116,64,116,101,115,116,46,99,111,109,39,0,236,138,131,168,7,168,9,12,97,116,116,97,99,104,101,109,101,110,116,115,0,40,0,236,138,131,168,7,168,9,15,115,101,110,100,85,115,101,114,65,110,115,119,101,114,115,1,121,40,0,236,138,131,168,7,168,9,7,118,101,114,115,105,111,110,1,125,4,40,0,236,138,131,168,7,168,9,13,112,108,117,103,105,110,86,101,114,115,105,111,110,1,125,2,39,0,236,138,131,168,7,168,9,9,121,77,97,105,108,66,111,100,121,4,8,0,236,138,131,168,7,179,9,1,119,41,110,111,100,101,95,53,102,54,51,97,50,53,56,45,49,53,102,97,45,52,52,57,57,45,98,57,48,101,45,102,50,50,52,54,52,50,56,55,98,50,100,40,0,236,138,131,168,7,168,9,9,105,115,82,101,109,111,118,101,100,1,120,56,146,159,130,240,2,0,39,0,201,195,240,210,13,1,41,110,111,100,101,95,101,51,54,50,100,101,48,56,45,53,101,98,102,45,52,50,101,54,45,97,102,57,55,45,97,56,99,100,98,51,51,101,55,101,99,57,1,40,0,146,159,130,240,2,0,2,105,100,1,119,41,110,111,100,101,95,101,51,54,50,100,101,48,56,45,53,101,98,102,45,52,50,101,54,45,97,102,57,55,45,97,56,99,100,98,51,51,101,55,101,99,57,39,0,146,159,130,240,2,0,8,112,111,115,105,116,105,111,110,1,33,0,146,159,130,240,2,2,1,120,1,33,0,146,159,130,240,2,2,1,121,1,40,0,146,159,130,240,2,0,4,116,121,112,101,1,119,11,112,108,97,99,101,104,111,108,100,101,114,40,0,146,159,130,240,2,0,4,110,97,109,101,1,119,7,66,108,111,99,107,32,57,40,0,146,159,130,240,2,0,5,102,105,110,97,108,1,121,39,0,146,159,130,240,2,0,5,101,100,103,101,115,0,40,0,146,159,130,240,2,0,7,118,101,114,115,105,111,110,1,125,4,40,0,146,159,130,240,2,0,13,112,108,117,103,105,110,86,101,114,115,105,111,110,1,125,1,161,146,159,130,240,2,3,8,161,146,159,130,240,2,4,1,161,146,159,130,240,2,18,3,161,146,159,130,240,2,19,4,161,146,159,130,240,2,22,1,168,146,159,130,240,2,27,1,125,128,5,168,146,159,130,240,2,26,1,125,168,10,40,0,146,159,130,240,2,0,9,105,115,82,101,109,111,118,101,100,1,120,129,236,138,131,168,7,151,6,1,0,2,33,0,201,195,240,210,13,3,41,101,100,103,101,95,57,100,97,54,98,102,101,100,45,54,51,102,48,45,52,48,51,99,45,57,51,48,49,45,52,50,101,101,55,48,99,102,49,55,99,51,1,0,11,1,0,236,138,131,168,7,191,1,1,0,1,39,0,201,195,240,210,13,1,41,110,111,100,101,95,57,48,53,56,53,49,102,101,45,98,99,52,53,45,52,101,97,56,45,97,49,100,51,45,49,97,98,99,101,51,54,53,97,56,55,51,1,40,0,146,159,130,240,2,48,2,105,100,1,119,41,110,111,100,101,95,57,48,53,56,53,49,102,101,45,98,99,52,53,45,52,101,97,56,45,97,49,100,51,45,49,97,98,99,101,51,54,53,97,56,55,51,39,0,146,159,130,240,2,48,8,112,111,115,105,116,105,111,110,1,40,0,146,159,130,240,2,50,1,120,1,125,152,4,40,0,146,159,130,240,2,50,1,121,1,125,168,10,40,0,146,159,130,240,2,48,4,116,121,112,101,1,119,11,112,108,97,99,101,104,111,108,100,101,114,40,0,146,159,130,240,2,48,4,110,97,109,101,1,119,7,66,108,111,99,107,32,57,40,0,146,159,130,240,2,48,5,102,105,110,97,108,1,121,39,0,146,159,130,240,2,48,5,101,100,103,101,115,0,40,0,146,159,130,240,2,48,7,118,101,114,115,105,111,110,1,125,4,40,0,146,159,130,240,2,48,13,112,108,117,103,105,110,86,101,114,115,105,111,110,1,125,1,33,0,201,195,240,210,13,3,41,101,100,103,101,95,98,55,50,53,54,50,100,54,45,102,97,51,53,45,52,55,54,99,45,97,49,54,50,45,54,56,52,53,100,55,101,98,56,50,49,97,1,0,12,1,0,236,138,131,168,7,89,1,40,0,146,159,130,240,2,48,9,105,115,82,101,109,111,118,101,100,1,120,168,236,138,131,168,7,129,7,1,125,184,21,168,236,138,131,168,7,232,6,1,125,140,2,168,236,138,131,168,7,132,7,1,120,193,236,138,131,168,7,151,6,146,159,130,240,2,31,2,0,2,129,236,138,131,168,7,228,6,2,193,236,138,131,168,7,214,6,236,138,131,168,7,217,6,1,0,1,193,146,159,130,240,2,83,236,138,131,168,7,217,6,1,0,1,129,146,159,130,240,2,82,1,193,146,159,130,240,2,82,146,159,130,240,2,87,1,199,236,138,131,168,7,214,6,146,159,130,240,2,83,3,7,109,101,110,116,105,111,110,40,0,146,159,130,240,2,89,2,105,100,1,119,85,110,111,100,101,95,97,51,49,54,52,56,54,53,45,54,57,102,57,45,52,49,51,101,45,57,100,97,52,45,98,55,97,51,52,57,98,56,54,52,54,99,95,95,105,110,112,117,116,95,100,55,57,53,97,97,52,102,45,102,55,97,52,45,52,54,97,101,45,98,99,49,53,45,99,51,49,98,100,98,53,55,97,99,102,55,199,146,159,130,240,2,83,146,159,130,240,2,85,6,4,0,146,159,130,240,2,91,1,32,52,153,165,131,220,1,0,33,0,201,195,240,210,13,1,41,110,111,100,101,95,101,99,55,101,99,48,99,49,45,54,101,51,102,45,52,52,101,101,45,56,100,101,100,45,49,97,53,53,102,53,48,56,57,55,53,100,1,0,10,33,0,201,195,240,210,13,3,41,101,100,103,101,95,56,97,51,99,52,56,97,101,45,48,102,100,54,45,52,100,51,52,45,57,48,55,55,45,51,99,99,97,55,56,51,49,48,55,54,56,1,0,19,167,153,165,131,220,1,0,1,40,0,153,165,131,220,1,31,2,105,100,1,119,41,110,111,100,101,95,101,99,55,101,99,48,99,49,45,54,101,51,102,45,52,52,101,101,45,56,100,101,100,45,49,97,53,53,102,53,48,56,57,55,53,100,39,0,153,165,131,220,1,31,8,112,111,115,105,116,105,111,110,1,40,0,153,165,131,220,1,33,1,120,1,125,64,33,0,153,165,131,220,1,33,1,121,1,40,0,153,165,131,220,1,31,4,116,121,112,101,1,119,4,102,111,114,109,40,0,153,165,131,220,1,31,4,110,97,109,101,1,119,13,85,101,98,101,114,112,114,117,101,102,117,110,103,40,0,153,165,131,220,1,31,5,102,105,110,97,108,1,121,39,0,153,165,131,220,1,31,5,101,100,103,101,115,0,39,0,153,165,131,220,1,31,6,105,110,112,117,116,115,0,40,0,153,165,131,220,1,31,7,118,101,114,115,105,111,110,1,125,4,40,0,153,165,131,220,1,31,13,112,108,117,103,105,110,86,101,114,115,105,111,110,1,125,2,39,0,153,165,131,220,1,31,8,121,67,111,110,116,101,110,116,4,33,0,201,195,240,210,13,1,41,110,111,100,101,95,97,51,49,54,52,56,54,53,45,54,57,102,57,45,52,49,51,101,45,57,100,97,52,45,98,55,97,51,52,57,98,56,54,52,54,99,1,0,10,39,0,201,195,240,210,13,3,41,101,100,103,101,95,55,57,101,101,100,53,53,102,45,98,101,102,57,45,52,55,49,50,45,57,53,97,53,45,50,102,53,49,102,99,55,102,52,48,100,49,1,40,0,153,165,131,220,1,55,2,105,100,1,119,41,101,100,103,101,95,55,57,101,101,100,53,53,102,45,98,101,102,57,45,52,55,49,50,45,57,53,97,53,45,50,102,53,49,102,99,55,102,52,48,100,49,40,0,153,165,131,220,1,55,4,116,121,112,101,1,119,6,100,105,114,101,99,116,40,0,153,165,131,220,1,55,7,118,101,114,115,105,111,110,1,125,3,40,0,153,165,131,220,1,55,13,112,108,117,103,105,110,86,101,114,115,105,111,110,1,125,1,40,0,153,165,131,220,1,55,6,115,111,117,114,99,101,1,119,41,110,111,100,101,95,101,99,55,101,99,48,99,49,45,54,101,51,102,45,52,52,101,101,45,56,100,101,100,45,49,97,53,53,102,53,48,56,57,55,53,100,40,0,153,165,131,220,1,55,6,116,97,114,103,101,116,1,119,41,110,111,100,101,95,97,51,49,54,52,56,54,53,45,54,57,102,57,45,52,49,51,101,45,57,100,97,52,45,98,55,97,51,52,57,98,56,54,52,54,99,40,0,153,165,131,220,1,31,12,102,97,108,108,98,97,99,107,69,100,103,101,1,119,41,101,100,103,101,95,55,57,101,101,100,53,53,102,45,98,101,102,57,45,52,55,49,50,45,57,53,97,53,45,50,102,53,49,102,99,55,102,52,48,100,49,0,29,33,0,201,195,240,210,13,1,41,110,111,100,101,95,53,100,98,54,55,99,54,51,45,99,57,99,97,45,52,57,52,49,45,97,53,54,101,45,99,54,99,48,100,57,57,55,50,99,50,49,1,0,10,39,0,201,195,240,210,13,3,41,101,100,103,101,95,51,55,57,101,51,51,49,51,45,48,49,55,48,45,52,54,49,53,45,97,54,55,53,45,50,48,50,49,52,48,99,48,49,99,51,50,1,40,0,153,165,131,220,1,103,2,105,100,1,119,41,101,100,103,101,95,51,55,57,101,51,51,49,51,45,48,49,55,48,45,52,54,49,53,45,97,54,55,53,45,50,48,50,49,52,48,99,48,49,99,51,50,40,0,153,165,131,220,1,103,4,116,121,112,101,1,119,6,100,105,114,101,99,116,40,0,153,165,131,220,1,103,7,118,101,114,115,105,111,110,1,125,3,40,0,153,165,131,220,1,103,13,112,108,117,103,105,110,86,101,114,115,105,111,110,1,125,1,40,0,153,165,131,220,1,103,6,115,111,117,114,99,101,1,119,41,110,111,100,101,95,97,51,49,54,52,56,54,53,45,54,57,102,57,45,52,49,51,101,45,57,100,97,52,45,98,55,97,51,52,57,98,56,54,52,54,99,40,0,153,165,131,220,1,103,6,116,97,114,103,101,116,1,119,41,110,111,100,101,95,53,100,98,54,55,99,54,51,45,99,57,99,97,45,52,57,52,49,45,97,53,54,101,45,99,54,99,48,100,57,57,55,50,99,50,49,0,1,167,153,165,131,220,1,92,1,40,0,153,165,131,220,1,111,2,105,100,1,119,41,110,111,100,101,95,53,100,98,54,55,99,54,51,45,99,57,99,97,45,52,57,52,49,45,97,53,54,101,45,99,54,99,48,100,57,57,55,50,99,50,49,39,0,153,165,131,220,1,111,8,112,111,115,105,116,105,111,110,1,40,0,153,165,131,220,1,113,1,120,1,125,64,40,0,153,165,131,220,1,113,1,121,1,125,168,10,40,0,153,165,131,220,1,111,4,116,121,112,101,1,119,11,99,97,108,99,117,108,97,116,105,111,110,33,0,153,165,131,220,1,111,4,110,97,109,101,1,40,0,153,165,131,220,1,111,5,102,105,110,97,108,1,121,39,0,153,165,131,220,1,111,5,101,100,103,101,115,0,40,0,153,165,131,220,1,111,7,118,101,114,115,105,111,110,1,125,4,40,0,153,165,131,220,1,111,13,112,108,117,103,105,110,86,101,114,115,105,111,110,1,125,1,39,0,153,165,131,220,1,111,8,121,67,111,110,116,101,110,116,4,161,153,165,131,220,1,117,24,168,153,165,131,220,1,146,1,1,119,10,83,116,114,101,105,116,119,101,114,116,5,201,195,240,210,13,1,2,1,204,168,199,221,11,31,0,19,22,9,35,8,54,1,99,1,117,1,145,1,1,181,1,21,210,1,1,214,1,1,217,1,1,226,1,1,248,1,6,169,2,2,181,2,132,3,220,5,1,227,5,1,229,5,9,239,5,12,252,5,11,168,6,12,181,6,13,195,6,19,216,6,14,231,6,42,146,7,8,155,7,39,198,7,42,241,7,19,133,8,9,143,8,8,236,138,131,168,7,71,0,18,19,10,32,2,36,1,38,1,41,6,48,11,71,1,95,8,110,16,132,1,1,139,1,22,169,1,6,176,1,7,189,1,1,196,1,4,207,1,23,234,1,24,131,2,5,139,2,18,158,2,4,163,2,27,195,2,4,204,2,19,225,2,30,135,3,20,156,3,1,160,3,4,167,3,1,178,3,2,204,3,1,241,3,10,252,3,8,136,4,1,138,4,4,143,4,10,157,4,1,159,4,10,170,4,29,255,4,4,132,5,16,151,5,47,201,5,1,204,5,1,207,5,1,210,5,1,213,5,2,217,5,5,224,5,54,153,6,47,210,6,2,215,6,7,223,6,5,230,6,3,234,6,11,129,7,1,131,7,2,137,7,16,196,7,1,201,7,23,241,7,11,255,7,2,140,8,37,178,8,1,181,8,11,195,8,2,208,8,29,238,8,2,245,8,1,247,8,25,157,9,11,146,159,130,240,2,5,3,2,11,17,31,17,59,14,77,12,153,165,131,220,1,7,0,31,35,1,44,11,63,40,110,1,117,1,123,24]}}